timestamp,busVoltage
0.1,11.901605606079102
0.2,11.906174659729004
0.30000000000000004,11.919880867004395
0.4,11.938156127929688
0.5,11.883331298828125
0.6,11.899321556091309
0.7,11.885615348815918
0.7999999999999999,11.924449920654297
0.8999999999999999,11.908458709716797
0.9999999999999999,11.931303024291992
1.0999999999999999,11.9130277633667
1.2,11.906174659729004
1.3,11.906174659729004
1.4000000000000001,11.899321556091309
1.5000000000000002,11.862771987915039
1.6000000000000003,11.901605606079102
1.7000000000000004,11.878762245178223
1.8000000000000005,11.915311813354492
1.9000000000000006,11.89018440246582
2.0000000000000004,11.924449920654297
2.1000000000000005,11.903890609741211
2.2000000000000006,11.917596817016602
2.3000000000000007,11.899321556091309
2.400000000000001,11.9130277633667
2.500000000000001,11.897037506103516
2.600000000000001,11.910743713378906
2.700000000000001,11.910743713378906
2.800000000000001,11.894752502441406
2.9000000000000012,11.903890609741211
3.0000000000000013,11.894752502441406
3.1000000000000014,11.89018440246582
3.2000000000000015,11.906174659729004
3.3000000000000016,11.899321556091309
3.4000000000000017,11.903890609741211
3.5000000000000018,11.894752502441406
3.600000000000002,11.903890609741211
3.700000000000002,11.915311813354492
3.800000000000002,11.917596817016602
3.900000000000002,11.903890609741211
4.000000000000002,11.894752502441406
4.100000000000001,11.903890609741211
4.200000000000001,11.933587074279785
4.300000000000001,11.89018440246582
4.4,11.9290189743042
4.5,11.933587074279785
4.6,11.910743713378906
4.699999999999999,11.892468452453613
4.799999999999999,11.897037506103516
4.899999999999999,11.906174659729004
4.999999999999998,11.910743713378906
5.099999999999998,11.915311813354492
5.1999999999999975,11.899321556091309
5.299999999999997,11.906174659729004
5.399999999999997,11.938156127929688
5.4999999999999964,11.922164916992188
5.599999999999996,11.917596817016602
5.699999999999996,11.906174659729004
5.799999999999995,11.910743713378906
5.899999999999995,11.887899398803711
5.999999999999995,11.922164916992188
6.099999999999994,11.894752502441406
6.199999999999994,11.901605606079102
6.299999999999994,11.917596817016602
6.399999999999993,11.906174659729004
6.499999999999993,11.910743713378906
6.5999999999999925,11.908458709716797
6.699999999999992,11.906174659729004
6.799999999999992,11.897037506103516
6.8999999999999915,11.9290189743042
6.999999999999991,11.910743713378906
7.099999999999991,11.903890609741211
7.19999999999999,11.894752502441406
7.29999999999999,11.899321556091309
7.39999999999999,11.922164916992188
7.499999999999989,11.885615348815918
7.599999999999989,11.887899398803711
7.699999999999989,11.903890609741211
7.799999999999988,11.903890609741211
7.899999999999988,11.9130277633667
7.999999999999988,11.906174659729004
8.099999999999987,11.906174659729004
8.199999999999987,11.906174659729004
8.299999999999986,11.906174659729004
8.399999999999986,11.917596817016602
8.499999999999986,11.938156127929688
8.599999999999985,11.901605606079102
8.699999999999985,11.917596817016602
8.799999999999985,11.915311813354492
8.899999999999984,11.903890609741211
