timestamp,rpm
0.1,50.90323448181152
0.2,125.61026573181152
0.30000000000000004,193.72550010681152
0.4,254.15030479431152
0.5,333.61790657043457
0.6,391.47923469543457
0.7,457.76341438293457
0.7999999999999999,524.4134330749512
0.8999999999999999,589.2327690124512
0.9999999999999999,656.6148948669434
1.0999999999999999,725.0963401794434
1.2,790.6477546691895
1.3,856.1988258361816
1.4000000000000001,922.4830055236816
1.5000000000000002,987.6686096191406
1.6000000000000003,1057.2486877441406
1.7000000000000004,1123.8990783691406
1.8000000000000005,1205.1979064941406
1.9000000000000006,1276.6086959838867
2.0000000000000004,1343.6252975463867
2.1000000000000005,1426.7551803588867
2.2000000000000006,1492.3065948486328
2.3000000000000007,1558.956298828125
2.400000000000001,1625.6060028076172
2.500000000000001,1692.9883575439453
2.600000000000001,1759.2724227905273
2.700000000000001,1804.3162536621094
2.800000000000001,1802.1188735961914
2.9000000000000012,1801.3861083984375
3.0000000000000013,1801.7522048950195
3.1000000000000014,1801.0195541381836
3.2000000000000015,1798.8220596313477
3.3000000000000016,1801.0189819335938
3.4000000000000017,1801.3850784301758
3.5000000000000018,1799.5536804199219
3.600000000000002,1799.187355041504
3.700000000000002,1802.117042541504
3.800000000000002,1801.01806640625
3.900000000000002,1798.454360961914
4.000000000000002,1801.0174942016602
4.100000000000001,1800.2850723266602
4.200000000000001,1798.8198852539062
4.300000000000001,1800.2843856811523
4.4,1800.6501388549805
4.5,1800.6501388549805
4.6,1799.1849517822266
4.699999999999999,1801.3821029663086
4.799999999999999,1800.2830123901367
4.899999999999999,1798.0857467651367
4.999999999999998,1800.2826690673828
5.099999999999998,1799.1839218139648
5.1999999999999975,1798.451156616211
5.299999999999997,1800.281753540039
5.399999999999997,1801.014060974121
5.4999999999999964,1801.3795852661133
5.599999999999996,1800.2808380126953
5.699999999999996,1798.0835723876953
5.799999999999995,1801.0129165649414
5.899999999999995,1801.0128021240234
5.999999999999995,1798.0830001831055
6.099999999999994,1800.2802658081055
6.199999999999994,1800.2799224853516
6.299999999999994,1799.9133682250977
6.399999999999993,1799.1807174682617
6.499999999999993,1801.7438507080078
6.5999999999999925,1799.5465850830078
6.699999999999992,1798.447608947754
6.799999999999992,1800.644874572754
6.8999999999999915,1801.377182006836
6.999999999999991,1798.813362121582
7.099999999999991,1800.644302368164
7.19999999999999,1801.376724243164
7.29999999999999,1798.080825805664
7.39999999999999,1799.911766052246
7.499999999999989,1799.911766052246
7.599999999999989,1800.277976989746
7.699999999999989,1798.080711364746
7.799999999999988,1800.277976989746
7.899999999999988,1801.3764953613281
7.999999999999988,1800.2778625488281
8.099999999999987,1799.1791152954102
8.199999999999987,1800.2777481079102
8.299999999999986,1801.3763809204102
8.399999999999986,1800.6439590454102
8.499999999999986,1798.4466934204102
8.599999999999985,1802.4750137329102
8.699999999999985,1799.9111938476562
8.799999999999985,1798.8118743896484
8.899999999999984,1800.6425857543945
8.999999999999984,1800.2763748168945
9.099999999999984,1799.1770553588867
9.199999999999983,1799.176368713379
9.299999999999983,1801.373519897461
9.399999999999983,1801.006965637207
9.499999999999982,1798.8092422485352
9.599999999999982,1801.7388153076172
9.699999999999982,1799.5415496826172
9.799999999999981,1799.1752243041992
9.89999999999998,1801.3721466064453
9.99999999999998,1799.9071884155273
10.09999999999998,1799.5405197143555
10.19999999999998,1801.0047912597656
10.29999999999998,1800.6385803222656
10.399999999999979,1798.0749893188477
10.499999999999979,1799.5397186279297
10.599999999999978,1801.3707733154297
10.699999999999978,1799.9055862426758
10.799999999999978,1798.4403991699219
10.899999999999977,1801.7362976074219
10.999999999999977,1801.003646850586
11.099999999999977,1798.440055847168
11.199999999999976,1801.369400024414
11.299999999999976,1800.2699661254883
11.399999999999975,1799.5372009277344
11.499999999999975,1800.2691650390625
11.599999999999975,1801.7336654663086
11.699999999999974,1800.6345748901367
11.799999999999974,1798.436279296875
11.899999999999974,1800.999641418457
11.999999999999973,1799.5344543457031
12.099999999999973,1799.5344543457031
12.199999999999973,1801.7313766479492
12.299999999999972,1800.2661895751953
12.399999999999972,1798.8013458251953
12.499999999999972,1799.1675567626953
12.599999999999971,1801.7309188842773
12.69999999999997,1801.3642501831055
12.79999999999997,1800.2649307250977
12.89999999999997,1800.9972381591797
12.99999999999997,1801.3634490966797
13.09999999999997,1798.7999725341797
13.199999999999969,1799.1660690307617
13.299999999999969,1801.7294311523438
13.399999999999968,1798.0668640136719
13.499999999999968,1799.165153503418
13.599999999999968,1801.362075805664
13.699999999999967,1800.995750427246
13.799999999999967,1798.7976837158203
13.899999999999967,1802.4596786499023
13.999999999999966,1799.8954010009766
14.099999999999966,1799.1628646850586
14.199999999999966,1800.2611541748047
14.299999999999965,1800.9934616088867
14.399999999999965,1799.5286178588867
14.499999999999964,1799.1624069213867
14.599999999999964,1802.0919799804688
14.699999999999964,1800.6269073486328
14.799999999999963,1798.4296417236328
14.899999999999963,1802.0916366577148
14.999999999999963,1801.358642578125
15.099999999999962,1800.259895324707
15.199999999999962,1800.259895324707
15.299999999999962,1801.724739074707
15.399999999999961,1799.8932266235352
15.499999999999961,1798.7944793701172
15.59999999999996,1800.6255340576172
15.69999999999996,1799.5267868041992
15.79999999999996,1798.4279251098633
15.89999999999996,1800.6247329711914
15.99999999999996,1799.5259857177734
16.09999999999996,1799.1595458984375
16.19999999999996,1801.3563537597656
16.29999999999996,1801.7225646972656
16.399999999999963,1798.7928771972656
16.499999999999964,1798.7924194335938
16.599999999999966,1800.6234741210938
16.699999999999967,1799.5248413085938
16.79999999999997,1799.157943725586
16.89999999999997,1800.988426208496
16.99999999999997,1800.2555465698242
17.099999999999973,1798.4242630004883
17.199999999999974,1800.6214141845703
17.299999999999976,1800.9873962402344
17.399999999999977,1798.4233474731445
17.49999999999998,1800.2539443969727
17.59999999999998,1799.8873901367188
17.69999999999998,1798.4222030639648
17.799999999999983,1800.619125366211
17.899999999999984,1800.984992980957
17.999999999999986,1799.1535949707031
18.099999999999987,1800.2518844604492
18.19999999999999,1802.0828247070312
18.29999999999999,1798.7869262695312
18.39999999999999,1800.9839630126953
18.499999999999993,1802.0825958251953
18.599999999999994,1798.7862396240234
18.699999999999996,1799.8845291137695
18.799999999999997,1801.3493728637695
18.9,1800.6169509887695
19.0,1798.7857818603516
19.1,1800.6164932250977
19.200000000000003,1799.8839569091797
19.300000000000004,1799.5171737670898
19.400000000000006,1799.882926940918
19.500000000000007,1800.249137878418
19.60000000000001,1800.2490234375
19.70000000000001,1799.8821258544922
19.80000000000001,1801.3468551635742
19.900000000000013,1798.7833786010742
20.000000000000014,1799.5154571533203
20.100000000000016,1802.0788192749023
20.200000000000017,1800.9798431396484
20.30000000000002,1798.7824630737305
20.40000000000002,1802.4444580078125
20.50000000000002,1799.8807525634766
20.600000000000023,1798.7817764282227
20.700000000000024,1800.9788131713867
20.800000000000026,1800.6123733520508
20.900000000000027,1799.513282775879
21.00000000000003,1800.977439880371
21.10000000000003,1802.0759582519531
21.20000000000003,1800.2445602416992
21.300000000000033,1798.4131622314453
21.400000000000034,1802.0751571655273
21.500000000000036,1798.4130477905273
21.600000000000037,1798.0467224121094
21.70000000000004,1800.6091690063477
21.80000000000004,1800.6088256835938
21.90000000000004,1798.7776565551758
22.000000000000043,1798.4114456176758
22.100000000000044,1801.3411331176758
22.200000000000045,1799.875831604004
22.300000000000047,1799.50927734375
22.40000000000005,1800.2412414550781
22.50000000000005,1799.8750305175781
22.60000000000005,1799.5088195800781
22.700000000000053,1802.0720672607422
22.800000000000054,1800.2406692504883
22.900000000000055,1799.5082473754883
23.000000000000057,1801.3390731811523
23.10000000000006,1800.9728622436523
23.20000000000006,1799.1418075561523
23.30000000000006,1799.1414642333984
23.400000000000063,1800.6061935424805
23.500000000000064,1799.1412353515625
23.600000000000065,1798.7750244140625
23.700000000000067,1801.3381576538086
23.800000000000068,1801.3373565673828
23.90000000000007,1799.139747619629
24.00000000000007,1800.970687866211
24.100000000000072,1800.6035614013672
24.200000000000074,1799.5044708251953
24.300000000000075,1800.2367782592773
24.400000000000077,1799.5042419433594
24.500000000000078,1798.4052658081055
24.60000000000008,1800.9685134887695
24.70000000000008,1801.7003631591797
24.800000000000082,1799.5030975341797
24.900000000000084,1800.2352905273438
25.000000000000085,1802.4324417114258
25.100000000000087,1799.8688507080078
25.200000000000088,1798.7699890136719
25.30000000000009,1802.0658874511719
25.40000000000009,1799.5024108886719
25.500000000000092,1798.403663635254
25.600000000000094,1799.135971069336
25.700000000000095,1800.600700378418
25.800000000000097,1799.135513305664
25.900000000000098,1799.5014953613281
26.0000000000001,1800.6001281738281
26.1000000000001,1799.1351699829102
26.200000000000102,1799.5012664794922
26.300000000000104,1800.5998992919922
26.400000000000105,1799.5012664794922
26.500000000000107,1798.4021759033203
26.600000000000108,1801.6978454589844
26.70000000000011,1800.2326583862305
26.80000000000011,1797.6689529418945
26.900000000000112,1801.6970443725586
27.000000000000114,1800.2318572998047
27.100000000000115,1798.7670135498047
27.200000000000117,1802.062110900879
27.300000000000118,1799.864845275879
27.40000000000012,1799.132423400879
27.50000000000012,1801.329116821289
27.600000000000122,1800.962905883789
27.700000000000124,1799.131851196289
27.800000000000125,1800.5960083007812
27.900000000000126,1800.9622192382812
28.000000000000128,1799.1309356689453
28.10000000000013,1799.1304779052734
28.20000000000013,1801.3277435302734
28.300000000000132,1802.0601654052734
28.400000000000134,1799.1303634643555
28.500000000000135,1799.1296768188477
28.600000000000136,1799.1296768188477
28.700000000000138,1800.5945205688477
28.80000000000014,1799.1293334960938
28.90000000000014,1800.227279663086
29.000000000000142,1801.692008972168
29.100000000000144,1800.592918395996
29.200000000000145,1799.1279602050781
29.300000000000146,1800.5924606323242
29.400000000000148,1801.3247680664062
29.50000000000015,1797.6626586914062
29.60000000000015,1801.6906356811523
29.700000000000152,1799.8594665527344
29.800000000000153,1798.0281829833984
29.900000000000155,1799.8587799072266
30.000000000000156,1800.2246475219727
30.100000000000158,1799.1260147094727
30.20000000000016,1798.3932495117188
30.30000000000016,1801.6886901855469
30.400000000000162,1800.589714050293
30.500000000000163,1799.491081237793
30.600000000000165,1800.5890274047852
30.700000000000166,1801.6875457763672
30.800000000000168,1798.7571716308594
30.90000000000017,1799.4894790649414
31.00000000000017,1801.6866302490234
31.100000000000172,1799.8552322387695
31.200000000000173,1799.1224670410156
31.300000000000175,1801.3193893432617
31.400000000000176,1799.8544311523438
31.500000000000178,1799.1215515136719
31.60000000000018,1801.684913635254
31.70000000000018,1799.853858947754
31.800000000000182,1799.121208190918
31.900000000000183,1800.952262878418
32.000000000000185,1802.050552368164
32.100000000000186,1799.120750427246
32.20000000000019,1800.585594177246
32.30000000000019,1801.318016052246
32.40000000000019,1799.1202926635742
32.50000000000019,1799.1198348999023
32.60000000000019,1800.9508895874023
32.700000000000195,1798.7536239624023
32.800000000000196,1799.1193771362305
32.9000000000002,1800.2180099487305
33.0000000000002,1799.1193771362305
33.1000000000002,1799.1192626953125
33.2000000000002,1801.3165283203125
33.3000000000002,1800.2175521850586
33.400000000000205,1799.8512268066406
33.500000000000206,1802.4147033691406
33.60000000000021,1799.8512268066406
33.70000000000021,1799.4850158691406
33.80000000000021,1798.3862686157227
33.90000000000021,1799.4849014282227
34.00000000000021,1798.3860397338867
34.100000000000215,1800.9494018554688
34.200000000000216,1800.2169799804688
34.30000000000022,1799.4844436645508
34.40000000000022,1799.849853515625
34.50000000000022,1802.047004699707
34.60000000000022,1799.117317199707
34.70000000000022,1798.018569946289
34.800000000000225,1800.948257446289
34.900000000000226,1799.8489379882812
35.00000000000023,1799.1164016723633
35.10000000000023,1801.6795349121094
35.20000000000023,1800.9464263916016
35.30000000000023,1798.3829498291016
35.40000000000023,1801.3124084472656
35.500000000000234,1800.2133178710938
35.600000000000236,1800.2132034301758
35.70000000000024,1798.3820343017578
35.80000000000024,1800.945167541504
35.90000000000024,1798.38134765625
36.00000000000024,1800.2116012573242
36.10000000000024,1801.6764450073242
36.200000000000244,1799.8448181152344
36.300000000000246,1798.7454986572266
36.40000000000025,1802.0409393310547
36.50000000000025,1800.5756378173828
36.60000000000025,1798.0120468139648
36.70000000000025,1800.9416198730469
36.80000000000025,1800.940933227539
36.900000000000254,1798.3772277832031
37.000000000000256,1801.3068008422852
37.10000000000026,1799.1091918945312
37.20000000000026,1800.5739212036133
37.30000000000026,1799.8413848876953
37.40000000000026,1798.7424087524414
37.50000000000026,1801.6714096069336
37.600000000000264,1800.9389877319336
37.700000000000266,1798.3753967285156
37.80000000000027,1800.2063369750977
37.90000000000027,1802.4036026000977
38.00000000000027,1799.4739151000977
38.10000000000027,1800.2063369750977
38.20000000000027,1801.3049697875977
38.300000000000274,1798.7414932250977
38.400000000000276,1799.1070175170898
38.50000000000028,1801.6704940795898
38.60000000000028,1800.5718612670898
38.70000000000028,1798.3745956420898
38.80000000000028,1800.205307006836
38.90000000000028,1801.670036315918
39.000000000000284,1799.47265625
39.100000000000286,1799.472312927246
39.20000000000029,1801.3032531738281
39.30000000000029,1801.6691207885742
39.40000000000029,1798.7394332885742
39.50000000000029,1799.8377227783203
39.60000000000029,1800.5698013305664
39.700000000000294,1798.0063247680664
39.800000000000296,1800.2027893066406
39.9000000000003,1800.5688858032227
40.0000000000003,1799.1036987304688
40.1000000000003,1799.4696807861328
40.2000000000003,1800.9344100952148
40.3000000000003,1799.4694519042969
40.400000000000304,1798.370475769043
40.500000000000306,1801.666259765625
40.60000000000031,1800.567512512207
40.70000000000031,1799.102668762207
40.80000000000031,1800.2009582519531
40.90000000000031,1800.9333801269531
41.00000000000031,1799.1023254394531
41.100000000000314,1799.4677352905273
41.200000000000315,1802.3973083496094
41.30000000000032,1799.4675064086914
41.40000000000032,1799.1008377075195
41.50000000000032,1800.5653381347656
41.60000000000032,1800.1991271972656
41.70000000000032,1798.7338256835938
41.800000000000324,1800.9310913085938
41.900000000000325,1801.2971878051758
42.00000000000033,1799.099464416504
42.10000000000033,1799.831886291504
42.20000000000033,1801.29638671875
42.30000000000033,1799.464988708496
42.40000000000033,1798.7324523925781
42.500000000000334,1802.7604293823242
42.600000000000335,1800.1969528198242
42.70000000000034,1799.8306274414062
42.80000000000034,1800.9292602539062
42.90000000000034,1800.1964950561523
43.00000000000034,1799.0974044799805
43.10000000000034,1799.8295974731445
43.200000000000344,1800.1958084106445
43.300000000000345,1800.1958084106445
43.40000000000035,1798.7309646606445
43.50000000000035,1801.6603088378906
43.60000000000035,1800.1951217651367
43.70000000000035,1799.0964889526367
43.80000000000035,1799.4623565673828
43.900000000000354,1802.0258331298828
44.000000000000355,1799.095802307129
44.10000000000036,1799.461669921875
44.20000000000036,1802.024803161621
44.30000000000036,1799.8271942138672
