timestamp,power
0.1,0.47572794556617737
0.2,0.0990632101893425
0.30000000000000004,-0.3295624256134033
0.4,0.4168926477432251
0.5,0.058784857392311096
0.6,2.2931840419769287
0.7,0.3991067707538605
0.7999999999999999,-0.12471120059490204
0.8999999999999999,0.8756908774375916
0.9999999999999999,2.1955583095550537
1.0999999999999999,0.5013729929924011
1.2,1.5185918807983398
1.3,0.17774957418441772
1.4000000000000001,0.7943758964538574
1.5000000000000002,0.2761944830417633
1.6000000000000003,0.9312773942947388
1.7000000000000004,1.5610883235931396
1.8000000000000005,-0.18714205920696259
1.9000000000000006,1.9488837718963623
2.0000000000000004,1.744903564453125
2.1000000000000005,0.3916149437427521
2.2000000000000006,0.2739117741584778
2.3000000000000007,1.634935975074768
2.400000000000001,1.1345195770263672
2.500000000000001,0.6734673976898193
2.600000000000001,0.1300089955329895
2.700000000000001,1.3974734544754028
2.800000000000001,0.02751978114247322
2.9000000000000012,0.8209465146064758
3.0000000000000013,1.0703743696212769
3.1000000000000014,1.601365327835083
3.2000000000000015,0.5044957399368286
3.3000000000000016,1.4233900308609009
3.4000000000000017,0.8280431032180786
3.5000000000000018,0.4115600287914276
3.600000000000002,0.7566096782684326
3.700000000000002,0.6541332006454468
3.800000000000002,0.25447702407836914
3.900000000000002,0.1620672047138214
4.000000000000002,2.342855453491211
4.100000000000001,1.5585182905197144
4.200000000000001,1.8628222942352295
4.300000000000001,0.22922882437705994
4.4,0.33790838718414307
4.5,0.4789482057094574
4.6,1.4381600618362427
4.699999999999999,-0.37979716062545776
4.799999999999999,0.44941651821136475
4.899999999999999,0.653611421585083
4.999999999999998,1.0062729120254517
5.099999999999998,1.6974546909332275
5.1999999999999975,1.7985756397247314
5.299999999999997,2.07602596282959
5.399999999999997,0.27611327171325684
5.4999999999999964,1.3214876651763916
5.599999999999996,0.622017502784729
5.699999999999996,0.18639101088047028
5.799999999999995,0.1705249696969986
5.899999999999995,1.9317080974578857
5.999999999999995,0.9120520949363708
6.099999999999994,0.7204222083091736
6.199999999999994,0.20929068326950073
6.299999999999994,1.422774076461792
6.399999999999993,0.3933711647987366
6.499999999999993,1.2000869512557983
6.5999999999999925,0.1779424101114273
6.699999999999992,0.5967612266540527
6.799999999999992,0.29585471749305725
6.8999999999999915,0.5350378155708313
6.999999999999991,0.7354791164398193
7.099999999999991,1.9626786708831787
7.19999999999999,1.4595071077346802
7.29999999999999,0.2167385220527649
7.39999999999999,0.7606388330459595
7.499999999999989,0.17483319342136383
7.599999999999989,1.817766547203064
7.699999999999989,2.0071728229522705
7.799999999999988,1.9068223237991333
7.899999999999988,0.2231733500957489
7.999999999999988,1.0414658784866333
8.099999999999987,0.7408813834190369
8.199999999999987,0.15367041528224945
8.299999999999986,-0.48344558477401733
8.399999999999986,0.7894197702407837
8.499999999999986,0.5716668367385864
8.599999999999985,1.3959708213806152
8.699999999999985,0.6861481070518494
8.799999999999985,0.5564969182014465
8.899999999999984,0.33688315749168396
8.999999999999984,1.6378990411758423
9.099999999999984,2.0384225845336914
9.199999999999983,0.5993862152099609
9.299999999999983,1.5310343503952026
9.399999999999983,1.9852570295333862
9.499999999999982,0.6765420436859131
9.599999999999982,0.34176909923553467
9.699999999999982,0.2301359921693802
9.799999999999981,1.0780589580535889
9.89999999999998,1.1116738319396973
9.99999999999998,0.06359173357486725
10.09999999999998,1.5235180854797363
10.19999999999998,0.5327010750770569
10.29999999999998,0.41535329818725586
10.399999999999979,0.7764840722084045
10.499999999999979,1.2670774459838867
10.599999999999978,1.3990731239318848
10.699999999999978,0.28572672605514526
10.799999999999978,0.09280048310756683
10.899999999999977,0.9869704246520996
10.999999999999977,1.0573104619979858
11.099999999999977,0.40650704503059387
11.199999999999976,1.496822714805603
11.299999999999976,0.6152136921882629
11.399999999999975,0.8531695604324341
11.499999999999975,1.2885782718658447
11.599999999999975,0.23127493262290955
11.699999999999974,1.7278754711151123
11.799999999999974,0.8069923520088196
11.899999999999974,1.8106192350387573
11.999999999999973,0.3045574426651001
12.099999999999973,0.6003520488739014
12.199999999999973,0.04647054523229599
12.299999999999972,0.44280460476875305
12.399999999999972,1.6521813869476318
12.499999999999972,2.0428452491760254
12.599999999999971,0.5857152938842773
12.69999999999997,1.8454123735427856
12.79999999999997,0.2830756604671478
12.89999999999997,0.171522855758667
12.99999999999997,2.705841541290283
13.09999999999997,1.3298588991165161
13.199999999999969,0.8704173564910889
13.299999999999969,0.8723664879798889
13.399999999999968,0.5987640023231506
13.499999999999968,0.8543257713317871
13.599999999999968,0.43311449885368347
13.699999999999967,0.32429519295692444
13.799999999999967,1.6190102100372314
13.899999999999967,0.4830925762653351
13.999999999999966,0.7007623910903931
14.099999999999966,0.9615095257759094
14.199999999999966,0.349729984998703
14.299999999999965,2.2256243228912354
14.399999999999965,0.0278457123786211
14.499999999999964,0.45432019233703613
14.599999999999964,0.8104613423347473
14.699999999999964,0.8302721977233887
14.799999999999963,1.394313097000122
14.899999999999963,1.5341057777404785
14.999999999999963,0.7595623731613159
15.099999999999962,0.7581430673599243
15.199999999999962,0.3077017664909363
15.299999999999962,0.8986607789993286
15.399999999999961,0.7250614166259766
15.499999999999961,0.804298996925354
15.59999999999996,1.1710383892059326
15.69999999999996,0.4210275709629059
15.79999999999996,1.2063519954681396
15.89999999999996,1.6987229585647583
15.99999999999996,0.593026876449585
16.09999999999996,1.0426183938980103
16.19999999999996,0.40893319249153137
16.29999999999996,0.8482140302658081
16.399999999999963,1.572513222694397
16.499999999999964,0.46321722865104675
16.599999999999966,1.1254569292068481
16.699999999999967,-0.16518329083919525
16.79999999999997,1.4156988859176636
16.89999999999997,0.47424742579460144
16.99999999999997,0.6582671999931335
17.099999999999973,1.6908931732177734
17.199999999999974,1.0584262609481812
17.299999999999976,1.8437912464141846
17.399999999999977,1.5544484853744507
17.49999999999998,0.5726223587989807
17.59999999999998,0.6589678525924683
17.69999999999998,1.6885623931884766
17.799999999999983,0.4584987759590149
17.899999999999984,1.7590820789337158
17.999999999999986,0.9291999936103821
18.099999999999987,0.6737774014472961
18.19999999999999,0.9854261875152588
18.29999999999999,0.09786704927682877
18.39999999999999,0.9633479118347168
18.499999999999993,2.530050039291382
18.599999999999994,0.48570168018341064
18.699999999999996,-0.3243669271469116
18.799999999999997,0.6400265097618103
18.9,1.6215792894363403
19.0,0.7724811434745789
19.1,1.2297708988189697
19.200000000000003,0.6559593677520752
19.300000000000004,0.12641800940036774
19.400000000000006,1.6117967367172241
19.500000000000007,1.2936502695083618
19.60000000000001,1.392189860343933
19.70000000000001,1.775597095489502
19.80000000000001,0.5138033628463745
19.900000000000013,-0.1018746942281723
20.000000000000014,1.1900261640548706
20.100000000000016,0.15573740005493164
20.200000000000017,0.48339468240737915
20.30000000000002,2.0104236602783203
20.40000000000002,-0.08750107884407043
20.50000000000002,2.242640256881714
20.600000000000023,0.6727046370506287
20.700000000000024,1.1116849184036255
20.800000000000026,0.413280725479126
20.900000000000027,0.5472773909568787
21.00000000000003,2.0524094104766846
21.10000000000003,1.2803199291229248
21.20000000000003,0.6244708299636841
21.300000000000033,1.5872070789337158
21.400000000000034,0.2846042811870575
21.500000000000036,1.697568416595459
21.600000000000037,0.319810152053833
21.70000000000004,1.0332069396972656
21.80000000000004,0.3328142464160919
21.90000000000004,1.283081293106079
22.000000000000043,0.27663400769233704
22.100000000000044,0.2765344977378845
22.200000000000045,0.13732989132404327
22.300000000000047,0.34401822090148926
22.40000000000005,0.6754615902900696
22.50000000000005,0.36861202120780945
22.60000000000005,0.7865683436393738
22.700000000000053,1.492734670639038
22.800000000000054,0.8839265704154968
22.900000000000055,1.2853262424468994
23.000000000000057,0.4361439645290375
23.10000000000006,0.6247918605804443
23.20000000000006,0.4834049344062805
23.30000000000006,0.1966770738363266
23.400000000000063,1.6632952690124512
23.500000000000064,1.8115479946136475
23.600000000000065,0.4250986874103546
23.700000000000067,0.9001762270927429
23.800000000000068,0.3447572886943817
23.90000000000007,1.229691743850708
24.00000000000007,1.5867738723754883
24.100000000000072,0.4853620231151581
24.200000000000074,0.3279830813407898
24.300000000000075,0.7195172309875488
24.400000000000077,0.829071581363678
24.500000000000078,2.2119059562683105
24.60000000000008,1.2056453227996826
24.70000000000008,0.8806960582733154
24.800000000000082,0.4306270182132721
24.900000000000084,1.8408186435699463
25.000000000000085,0.31926822662353516
25.100000000000087,1.7867307662963867
25.200000000000088,1.761327862739563
25.30000000000009,0.2789421081542969
25.40000000000009,0.8511269092559814
25.500000000000092,1.920580506324768
25.600000000000094,0.07812029868364334
25.700000000000095,1.0071306228637695
25.800000000000097,1.2255444526672363
25.900000000000098,1.608588695526123
26.0000000000001,0.2789383828639984
26.1000000000001,1.0758429765701294
26.200000000000102,0.384555459022522
26.300000000000104,2.0096704959869385
26.400000000000105,0.40112602710723877
26.500000000000107,0.499708890914917
26.600000000000108,1.3271414041519165
26.70000000000011,0.41243070363998413
26.80000000000011,0.31290557980537415
26.900000000000112,0.38508111238479614
27.000000000000114,0.3194141387939453
27.100000000000115,0.5022419095039368
27.200000000000117,0.6452633142471313
27.300000000000118,1.7173044681549072
27.40000000000012,1.0420629978179932
27.50000000000012,1.012258529663086
27.600000000000122,0.7157227993011475
27.700000000000124,1.036245346069336
27.800000000000125,-0.26977887749671936
27.900000000000126,1.7494968175888062
28.000000000000128,1.1949552297592163
28.10000000000013,0.6303227543830872
28.20000000000013,0.9096860885620117
28.300000000000132,1.1067278385162354
28.400000000000134,0.6735066771507263
28.500000000000135,0.8671416640281677
28.600000000000136,1.0570755004882812
28.700000000000138,-0.10913634300231934
28.80000000000014,1.0670517683029175
28.90000000000014,1.7032132148742676
29.000000000000142,0.7404922842979431
29.100000000000144,0.430911660194397
29.200000000000145,0.6400830149650574
29.300000000000146,1.6400535106658936
29.400000000000148,0.4987756311893463
29.50000000000015,0.6184775829315186
29.60000000000015,-0.083851657807827
29.700000000000152,0.8164277076721191
29.800000000000153,1.1701725721359253
29.900000000000155,0.4012201428413391
30.000000000000156,1.7199985980987549
30.100000000000158,0.2989310324192047
30.20000000000016,0.5162387490272522
30.30000000000016,0.8586412668228149
30.400000000000162,1.9132297039031982
30.500000000000163,0.7071012854576111
30.600000000000165,1.4946136474609375
30.700000000000166,1.1478737592697144
30.800000000000168,0.15159355103969574
30.90000000000017,1.2653570175170898
31.00000000000017,-0.7849537134170532
31.100000000000172,1.4557757377624512
31.200000000000173,0.5619913935661316
31.300000000000175,1.9488853216171265
31.400000000000176,-0.04820215329527855
31.500000000000178,1.0685654878616333
31.60000000000018,1.8471099138259888
31.70000000000018,1.1770460605621338
31.800000000000182,0.17999212443828583
31.900000000000183,2.34428071975708
32.000000000000185,1.7152076959609985
32.100000000000186,1.1258960962295532
32.20000000000019,0.8891184329986572
32.30000000000019,1.9760743379592896
32.40000000000019,0.6302900314331055
32.50000000000019,0.7746636271476746
32.60000000000019,1.19317626953125
32.700000000000195,1.1068295240402222
32.800000000000196,0.9552590847015381
32.9000000000002,0.626946210861206
33.0000000000002,0.1037832573056221
33.1000000000002,0.5644374489784241
33.2000000000002,1.250745415687561
33.3000000000002,0.5632783770561218
33.400000000000205,2.012012004852295
33.500000000000206,0.35858583450317383
33.60000000000021,0.8409267663955688
33.70000000000021,2.1258254051208496
33.80000000000021,0.5663444399833679
33.90000000000021,0.6856053471565247
34.00000000000021,0.7600775957107544
34.100000000000215,0.8298388123512268
34.200000000000216,0.31646856665611267
34.30000000000022,1.2789068222045898
34.40000000000022,0.4586229622364044
34.50000000000022,1.6191058158874512
34.60000000000022,0.596642017364502
34.70000000000022,0.8818037509918213
34.800000000000225,0.3917250335216522
34.900000000000226,1.7305209636688232
35.00000000000023,1.638765573501587
35.10000000000023,0.5435975193977356
35.20000000000023,0.6697500944137573
35.30000000000023,1.3656517267227173
35.40000000000023,0.8646064400672913
35.500000000000234,0.7354832291603088
35.600000000000236,0.8074234127998352
35.70000000000024,0.8861891627311707
35.80000000000024,0.5685309171676636
35.90000000000024,2.458021879196167
36.00000000000024,1.495401382446289
36.10000000000024,0.24892984330654144
36.200000000000244,1.9197416305541992
36.300000000000246,1.5988537073135376
36.40000000000025,0.9271304607391357
36.50000000000025,0.5990471839904785
36.60000000000025,0.6156437993049622
36.70000000000025,-0.02479824796319008
36.80000000000025,1.1608818769454956
36.900000000000254,0.972295880317688
37.000000000000256,-0.030292602255940437
37.10000000000026,2.0591671466827393
37.20000000000026,0.1958335041999817
37.30000000000026,1.3130563497543335
37.40000000000026,2.61694073677063
37.50000000000026,1.684248685836792
37.600000000000264,1.4952392578125
37.700000000000266,0.6847602725028992
37.80000000000027,0.5844417214393616
37.90000000000027,0.9025886654853821
38.00000000000027,1.1980739831924438
38.10000000000027,0.7775875329971313
38.20000000000027,0.2725555896759033
38.300000000000274,1.3951022624969482
38.400000000000276,0.7976064682006836
38.50000000000028,1.149594783782959
38.60000000000028,0.07658702880144119
38.70000000000028,1.9820024967193604
38.80000000000028,0.2423495501279831
38.90000000000028,0.41717538237571716
39.000000000000284,1.297607183456421
39.100000000000286,0.5234087705612183
39.20000000000029,0.46262022852897644
39.30000000000029,1.3939926624298096
39.40000000000029,0.35182666778564453
39.50000000000029,0.822839617729187
39.60000000000029,1.4817302227020264
39.700000000000294,0.37633341550827026
39.800000000000296,1.7611274719238281
39.9000000000003,0.23339474201202393
40.0000000000003,0.9271354675292969
40.1000000000003,1.5711153745651245
40.2000000000003,0.8829837441444397
40.3000000000003,1.8192763328552246
40.400000000000304,0.8500077128410339
40.500000000000306,0.314057856798172
40.60000000000031,0.2523614764213562
40.70000000000031,0.2614077031612396
40.80000000000031,1.295480728149414
40.90000000000031,1.3108749389648438
41.00000000000031,0.3233248293399811
41.100000000000314,1.2507168054580688
41.200000000000315,2.3540382385253906
41.30000000000032,0.08636707067489624
41.40000000000032,1.6850805282592773
41.50000000000032,1.3115917444229126
41.60000000000032,0.7518859505653381
41.70000000000032,1.7145435810089111
41.800000000000324,1.2760754823684692
41.900000000000325,0.6780273914337158
42.00000000000033,0.5894496440887451
42.10000000000033,0.9980756640434265
42.20000000000033,1.0161049365997314
42.30000000000033,0.9275264739990234
42.40000000000033,1.4071354866027832
42.500000000000334,2.8091559410095215
42.600000000000335,0.7908846735954285
42.70000000000034,0.4208388030529022
42.80000000000034,2.23132061958313
42.90000000000034,1.5593645572662354
43.00000000000034,1.302354335784912
43.10000000000034,0.7069820165634155
43.200000000000344,1.3343688249588013
43.300000000000345,0.11950460821390152
43.40000000000035,0.227006196975708
43.50000000000035,1.0246304273605347
43.60000000000035,0.2886063754558563
43.70000000000035,0.0369565486907959
43.80000000000035,-0.28887295722961426
43.900000000000354,-0.21162137389183044
