epoch,time,train/box_loss,train/cls_loss,train/dfl_loss,metrics/precision(B),metrics/recall(B),metrics/mAP50(B),metrics/mAP50-95(B),val/box_loss,val/cls_loss,val/dfl_loss,lr/pg0,lr/pg1,lr/pg2
1,11.3906,4.14758,4.67437,2.01598,0,0,0,0,3.92024,4.19703,1.84826,6.668e-05,6.668e-05,6.668e-05
2,13.7903,3.85444,4.51389,1.89737,0,0,0,0,3.29308,4.03116,1.40971,0.000142604,0.000142604,0.000142604
3,15.8132,2.6039,3.71662,1.14686,0.00259,0.0303,0.00062,0.0001,2.0575,3.6895,0.92016,0.000210275,0.000210275,0.000210275
4,17.7378,2.31542,2.92079,1.07332,0.00516,0.06061,0.01692,0.00201,2.32423,3.73707,0.98141,0.000269696,0.000269696,0.000269696
5,19.8202,2.12107,2.44109,1.01712,0.00391,0.0483,0.0118,0.00349,2.01023,3.62931,0.91516,0.000320864,0.000320864,0.000320864
6,21.8052,2.14129,2.08307,0.98143,0.00287,0.03125,0.00968,0.00296,1.94127,3.55121,0.90964,0.000363781,0.000363781,0.000363781
7,23.7794,2.08643,1.66512,0.96912,0.00591,0.05682,0.00172,0.00085,1.74887,3.38956,0.91771,0.000398446,0.000398446,0.000398446
8,25.7456,2.07926,1.4304,0.98595,0.03826,0.37879,0.18286,0.06461,1.91283,3.28311,0.91509,0.00042486,0.00042486,0.00042486
9,27.7335,2.05773,1.31068,0.97337,0.05011,0.5,0.39664,0.17985,1.61895,3.10139,0.85327,0.000443022,0.000443022,0.000443022
10,29.7634,1.87494,1.16409,0.93968,0.04284,0.42045,0.31006,0.12765,1.7431,3.07837,0.89425,0.000452932,0.000452932,0.000452932
11,31.6269,1.91859,1.29372,0.95154,0.0461,0.45644,0.39536,0.17695,1.66517,2.94097,0.90388,0.000454591,0.000454591,0.000454591
12,33.503,1.77173,1.10026,0.97438,0.05086,0.95076,0.30206,0.11955,1.63231,2.97862,0.90213,0.000447998,0.000447998,0.000447998
13,35.3579,1.65613,1.03076,0.94858,0.05274,0.97159,0.36758,0.14335,1.64746,2.91546,0.90776,0.000433153,0.000433153,0.000433153
14,37.3222,1.62995,1.02127,0.96019,0.0537,0.9697,0.70784,0.42974,1.58372,2.66458,0.90579,0.000410057,0.000410057,0.000410057
15,39.2389,1.61481,1.02865,0.92945,0.05193,0.96875,0.95634,0.60803,1.68228,2.57164,0.91837,0.000378709,0.000378709,0.000378709
16,41.4831,1.56287,1.03423,0.91538,0.05182,0.96875,0.96052,0.62258,1.69127,2.4976,0.91789,0.000339109,0.000339109,0.000339109
17,43.4813,1.45332,0.92952,0.89296,0.05153,0.9678,0.9634,0.63462,1.62011,2.28538,0.90949,0.000291258,0.000291258,0.000291258
18,45.3946,1.42237,0.90046,0.91152,1,0.59735,0.96418,0.65696,1.52447,2.11066,0.90206,0.000235155,0.000235155,0.000235155
19,47.3027,1.40558,0.92902,0.90289,1,0.28288,0.96369,0.66453,1.44746,1.95003,0.89779,0.000170801,0.000170801,0.000170801
20,49.2397,1.44285,0.92796,0.91926,0.97548,0.69726,0.96259,0.67988,1.38051,1.70839,0.88991,9.81946e-05,9.81946e-05,9.81946e-05
